old_name,new_number,new_name,changed
1.cpp,1,1.cpp,N
2.cpp,2,2.cpp,N
3.cpp,3,3.cpp,N
4.cpp,4,4.cpp,N
5.cpp,5,5.cpp,N
6（判断素数的较高效方法）.cpp,6,6（判断素数的较高效方法）.cpp,N
7.cpp,7,7.cpp,N
8.cpp,8,8.cpp,N
9.cpp,9,9.cpp,N
10.cpp,10,10.cpp,N
11.cpp,11,11.cpp,N
12.cpp,12,12.cpp,N
13.cpp,13,13.cpp,N
14.cpp,14,14.cpp,N
15.cpp,15,15.cpp,N
16.cpp,16,16.cpp,N
17.cpp,17,17.cpp,N
18.cpp,18,18.cpp,N
19.cpp,19,19.cpp,N
20.cpp,20,20.cpp,N
21.cpp,21,21.cpp,N
22.cpp,22,22.cpp,N
23.cpp,23,23.cpp,N
24.cpp,24,24.cpp,N
25.cpp,25,25.cpp,N
26（排序）.cpp,26,26（排序）.cpp,N
27.cpp,27,27.cpp,N
28 模拟（洛谷 P1067 [NOIP 2009 普及组] 多项式输出 ）.cpp,28,28 模拟（洛谷 P1067 [NOIP 2009 普及组] 多项式输出 ）.cpp,N
29 模拟 （洛谷 P5731 【深基5.习6】蛇形方阵）.cpp,29,29 模拟 （洛谷 P5731 【深基5.习6】蛇形方阵）.cpp,N
30 模拟（洛谷 P1098 [NOIP 2007 提高组] 字符串的展开）.cpp,30,30 模拟（洛谷 P1098 [NOIP 2007 提高组] 字符串的展开）.cpp,N
31(高精度算法).cpp,31,31(高精度算法).cpp,N
32 模拟（牛客 BGN12 特殊的科学计数法）.cpp,32,32 模拟（牛客 BGN12 特殊的科学计数法）.cpp,N
33 枚举（洛谷 P1003 [NOIP 2011 提高组] 铺地毯）.cpp,33,33 枚举（洛谷 P1003 [NOIP 2011 提高组] 铺地毯）.cpp,N
34 二进制枚举（力扣 78. 子集）.cpp,34,34 二进制枚举（力扣 78. 子集）.cpp,N
35 二进制枚举 (蓝桥云课 第 33 场 蓝桥·算法入门赛·百校联赛 3. 蓝小骑【算法赛】).cpp,35,35 二进制枚举 (蓝桥云课 第 33 场 蓝桥·算法入门赛·百校联赛 3. 蓝小骑【算法赛】).cpp,N
36 枚举（洛谷 P2010 [NOIP 2016 普及组] 回文日期）.cpp,36,36 枚举（洛谷 P2010 [NOIP 2016 普及组] 回文日期）.cpp,N
37 递推dp（洛谷 P2327 [SCOI2005] 扫雷）.cpp,37,37 递推dp（洛谷 P2327 [SCOI2005] 扫雷）.cpp,N
38 二进制枚举 （二维数组）（洛谷 P10449 费解的开关）.cpp,38,38 二进制枚举 （二维数组）（洛谷 P10449 费解的开关）.cpp,N
39  递归做法 （智创未来杯 2025 武汉地区联合新生赛 A）.cpp,39,39  递归做法 （智创未来杯 2025 武汉地区联合新生赛 A）.cpp,N
40 二进制枚举 （洛谷（UVA）UVA11464 Even Parity）.cpp,40,40 二进制枚举 （洛谷（UVA）UVA11464 Even Parity）.cpp,N
41 二分（牛客 牛客周赛 Round 124 C 夜揽星河入梦）.cpp,41,41 二分（牛客 牛客周赛 Round 124 C 夜揽星河入梦）.cpp,N
42 前缀和 （牛客 【模板】前缀和）.cpp,42,42 前缀和 （牛客 【模板】前缀和）.cpp,N
43  方向向量做法 （智创未来杯 2025 武汉地区联合新生赛 B）.cpp,43,43  方向向量做法 （智创未来杯 2025 武汉地区联合新生赛 B）.cpp,N
44 二进制枚举 （二进制的位运算）（洛谷 P10449 费解的开关）.cpp,44,44 二进制枚举 （二进制的位运算）（洛谷 P10449 费解的开关）.cpp,N
45 位运算（统计二进制中有多少个1的两种方法）.cpp,45,45 位运算（统计二进制中有多少个1的两种方法）.cpp,N
46 前缀和 （洛谷 P1115 最大子段和）.cpp,46,46 前缀和 （洛谷 P1115 最大子段和）.cpp,N
47 前缀和（优化版）（洛谷 P1115 最大子段和）.cpp,47,47 前缀和（优化版）（洛谷 P1115 最大子段和）.cpp,N
48 一维前缀和及扩展（即库函数写法）.cpp,48,48 一维前缀和及扩展（即库函数写法）.cpp,N
49 二维前缀和.cpp,49,49 二维前缀和.cpp,N
50 前缀和（牛客【模板】二维前缀和）.cpp,50,50 前缀和（牛客【模板】二维前缀和）.cpp,N
51.cpp,51,51.cpp,N
52 优化的做法（比方向向量的做法效率更高） （智创未来杯 2025 武汉地区联合新生赛 B）.cpp,52,52 优化的做法（比方向向量的做法效率更高） （智创未来杯 2025 武汉地区联合新生赛 B）.cpp,N
53 差分（牛客【模板】差分）.cpp,53,53 差分（牛客【模板】差分）.cpp,N
54 探寻前缀和与差分之间的关系.cpp,54,54 探寻前缀和与差分之间的关系.cpp,N
55 差分（洛谷 P3406 海底高铁）.cpp,55,55 差分（洛谷 P3406 海底高铁）.cpp,N
56 差分 （优化版）（洛谷 P3406 海底高铁）.cpp,56,56 差分 （优化版）（洛谷 P3406 海底高铁）.cpp,N
57 探寻多次差分 .cpp,57,57 探寻多次差分 .cpp,N
58 实现二维差分.cpp,58,58 实现二维差分.cpp,N
59 二维差分 （牛客 【模板】二维差分）.cpp,59,59 二维差分 （牛客 【模板】二维差分）.cpp,N
60 二维差分 （洛谷 P3397 地毯）.cpp,60,60 二维差分 （洛谷 P3397 地毯）.cpp,N
61 双指针（滑动窗口） （洛谷（UVA）UVA11572 唯一的雪花 Unique Snowflakes）.cpp,61,61 双指针（滑动窗口） （洛谷（UVA）UVA11572 唯一的雪花 Unique Snowflakes）.cpp,N
62 双指针（滑动窗口） （洛谷 P1638 逛画展）.cpp,62,62 双指针（滑动窗口） （洛谷 P1638 逛画展）.cpp,N
63 双指针（滑动窗口） （牛客 字符串）.cpp,63,63 双指针（滑动窗口） （牛客 字符串）.cpp,N
64 双指针（滑动窗口） （牛客 丢手绢）.cpp,64,64 双指针（滑动窗口） （牛客 丢手绢）.cpp,N
65 双指针（滑动窗口）（力扣（第 173 场双周赛）核心代码模式 （Q2. 不同元素和至少为 K 的最短子数组长度））.cpp,65,65 双指针（滑动窗口）（力扣（第 173 场双周赛）核心代码模式 （Q2. 不同元素和至少为 K 的最短子数组长度））.cpp,N
66 二分算法 （力扣 核心代码模式 34. 在排序数组中查找元素的第一个和最后一个位置）.cpp,66,66 二分算法 （力扣 核心代码模式 34. 在排序数组中查找元素的第一个和最后一个位置）.cpp,N
67 双指针（滑动窗口） （牛客 BGN6 小红的字符串修改）.cpp,67,67 双指针（滑动窗口） （牛客 BGN6 小红的字符串修改）.cpp,N
68 模拟 （牛客 BGN9 元素方碑）.cpp,68,68 模拟 （牛客 BGN9 元素方碑）.cpp,N
69 枚举 （牛客 BGN10 九倍平方数）.cpp,69,69 枚举 （牛客 BGN10 九倍平方数）.cpp,N
70 练习STL容器里面的二分函数.cpp,70,70 练习STL容器里面的二分函数.cpp,N
71 二分算法（手动实现） （牛客 牛可乐和魔法封印）.cpp,71,71 二分算法（手动实现） （牛客 牛可乐和魔法封印）.cpp,N
72 二分算法（使用二分函数） （牛客 牛可乐和魔法封印）.cpp,72,72 二分算法（使用二分函数） （牛客 牛可乐和魔法封印）.cpp,N
73 二分算法 （洛谷 P1102 A-B 数对）.cpp,73,73 二分算法 （洛谷 P1102 A-B 数对）.cpp,N
74 二分算法 （洛谷 P1678 烦恼的高考志愿）.cpp,74,74 二分算法 （洛谷 P1678 烦恼的高考志愿）.cpp,N
75 二分答案 （洛谷 P2440 木材加工）.cpp,75,75 二分答案 （洛谷 P2440 木材加工）.cpp,N
76 二分答案（洛谷 P1873 COCI 2011 2012 5 EKO  砍树）.cpp,76,76 二分答案（洛谷 P1873 COCI 2011 2012 5 EKO  砍树）.cpp,N
77 二分答案（洛谷 P2678 [NOIP 2015 提高组] 跳石头）.cpp,77,77 二分答案（洛谷 P2678 [NOIP 2015 提高组] 跳石头）.cpp,N
78 贪心（2025年武汉轻工大学算法校赛 C 申桑的小酒吧）.cpp,78,78 贪心（2025年武汉轻工大学算法校赛 C 申桑的小酒吧）.cpp,N
79 模拟（这道题会超时） （智创未来杯 2025 武汉地区联合新生赛 C）.cpp,79,79 模拟（这道题会超时） （智创未来杯 2025 武汉地区联合新生赛 C）.cpp,N
80 前缀和+二分（二分函数有普通版与优化后的版本）（优化后的做法） （智创未来杯 2025 武汉地区联合新生赛 C）.cpp,80,80 前缀和+二分（二分函数有普通版与优化后的版本）（优化后的做法） （智创未来杯 2025 武汉地区联合新生赛 C）.cpp,N
81 贪心（洛谷 P10452 货仓选址）.cpp,81,81 贪心（洛谷 P10452 货仓选址）.cpp,N
82 贪心 （洛谷 P1115 最大子段和）.cpp,82,82 贪心 （洛谷 P1115 最大子段和）.cpp,N
83 双指针（滑动窗口） （洛谷 P1115 最大子段和）.cpp,83,83 双指针（滑动窗口） （洛谷 P1115 最大子段和）.cpp,N
84 模拟 （牛客 BGN19 小红的回文串）.cpp,84,84 模拟 （牛客 BGN19 小红的回文串）.cpp,N
85 随机数小练习.cpp,85,85 随机数小练习.cpp,N
86.cpp,86,86.cpp,N
86 模拟 （蓝桥云课 第 34 场 蓝桥·算法入门赛·百校联赛 6. 刮刮乐卡【算法赛】）.cpp,87,87 模拟 （蓝桥云课 第 34 场 蓝桥·算法入门赛·百校联赛 6. 刮刮乐卡【算法赛】）.cpp,Y
87二进制输出.cpp,88,88二进制输出.cpp,Y
88 贪心 （洛谷 P1094 [NOIP 2007 普及组] 纪念品分组）.cpp,89,89 贪心 （洛谷 P1094 [NOIP 2007 普及组] 纪念品分组）.cpp,Y
89 贪心 （洛谷 P1056 [NOIP 2008 普及组] 排座椅）.cpp,90,90 贪心 （洛谷 P1056 [NOIP 2008 普及组] 排座椅）.cpp,Y
90 纯二进制枚举 （超时）（牛客 矩阵消除游戏） .cpp,91,91 纯二进制枚举 （超时）（牛客 矩阵消除游戏） .cpp,Y
91 二进制枚举+贪心优化 （牛客 矩阵消除游戏）.cpp,92,92 二进制枚举+贪心优化 （牛客 矩阵消除游戏）.cpp,Y
92 模拟（·蓝桥云课 【17届蓝桥杯寒假刷题营】第1期DAY1 1. 任意年月日历输出）.cpp,93,93 模拟（·蓝桥云课 【17届蓝桥杯寒假刷题营】第1期DAY1 1. 任意年月日历输出）.cpp,Y
93 贪心（蓝桥云课【17届蓝桥杯寒假刷题营】第1期DAY1 3. 长度统计）.cpp,94,94 贪心（蓝桥云课【17届蓝桥杯寒假刷题营】第1期DAY1 3. 长度统计）.cpp,Y
94 dp (蓝桥云课 第 34 场 蓝桥·算法挑战赛·百校联赛 3. 平台跳跃【算法赛】).cpp,95,95 dp (蓝桥云课 第 34 场 蓝桥·算法挑战赛·百校联赛 3. 平台跳跃【算法赛】).cpp,Y
95A Codeforces Round 1076 (Div. 3) .cpp,96,96A Codeforces Round 1076 (Div. 3) .cpp,Y
96B Codeforces Round 1076 (Div. 3).cpp,97,97B Codeforces Round 1076 (Div. 3).cpp,Y
97 贪心 (推公式)（洛谷 P1012 [NOIP 1998 提高组] 拼数）.cpp,98,98 贪心 (推公式)（洛谷 P1012 [NOIP 1998 提高组] 拼数）.cpp,Y
98 贪心 (推公式)（洛谷 P2878 [USACO07JAN] Protecting the Flowers S）.cpp,99,99 贪心 (推公式)（洛谷 P2878 [USACO07JAN] Protecting the Flowers S）.cpp,Y
99 贪心 （推公式） （洛谷 P1842 [USACO05NOV] 奶牛玩杂技）.cpp,100,100 贪心 （推公式） （洛谷 P1842 [USACO05NOV] 奶牛玩杂技）.cpp,Y
100  最大公约数（蓝桥云课 【17届蓝桥杯寒假刷题营】第1期DAY1 2. 抗击虫群）.cpp,101,101  最大公约数（蓝桥云课 【17届蓝桥杯寒假刷题营】第1期DAY1 2. 抗击虫群）.cpp,Y
101 哈夫曼编码 (牛客 哈夫曼编码).cpp,102,102 哈夫曼编码 (牛客 哈夫曼编码).cpp,Y
102 哈夫曼编码（洛谷 P1090 [NOIP 2004 提高组] 合并果子）.cpp,103,103 哈夫曼编码（洛谷 P1090 [NOIP 2004 提高组] 合并果子）.cpp,Y
103 贪心 （区间问题）（洛谷 P1803 凌乱的yyy  线段覆盖）.cpp,104,104 贪心 （区间问题）（洛谷 P1803 凌乱的yyy  线段覆盖）.cpp,Y
104贪心（区间问题） （洛谷（UVA） UVA1193 Radar Installation）.cpp,105,105贪心（区间问题） （洛谷（UVA） UVA1193 Radar Installation）.cpp,Y
105贪心（区间问题） （洛谷 P2887 [USACO07NOV] Sunscreen G）.cpp,106,106贪心（区间问题） （洛谷 P2887 [USACO07NOV] Sunscreen G）.cpp,Y
106快速幂（倍增思想）（洛谷 P1226 【模板】快速幂）.cpp,107,107快速幂（倍增思想）（洛谷 P1226 【模板】快速幂）.cpp,Y
107快速乘法（倍增思想）（洛谷 P10446 64位整数乘法）.cpp,108,108快速乘法（倍增思想）（洛谷 P10446 64位整数乘法）.cpp,Y
108 运算符重载练习.cpp,109,109 运算符重载练习.cpp,Y
109 离散化 （map的一个应用）（洛谷 P1496 火烧赤壁）.cpp,110,110 离散化 （map的一个应用）（洛谷 P1496 火烧赤壁）.cpp,Y
110 递归 （信息学奥赛一本通 1205：汉诺塔问题）.cpp,111,111 递归 （信息学奥赛一本通 1205：汉诺塔问题）.cpp,Y
111 2026牛客寒假算法基础集训营1 A A+B Problem.cpp,112,112 2026牛客寒假算法基础集训营1 A A+B Problem.cpp,Y
112 2026牛客寒假算法基础集训营1 B Card Game.cpp,113,113 2026牛客寒假算法基础集训营1 B Card Game.cpp,Y
113 2026牛客寒假算法基础集训营1 C Array Covering.cpp,114,114 2026牛客寒假算法基础集训营1 C Array Covering.cpp,Y
114 2026牛客寒假算法基础集训营1 E Block Game.cpp,115,115 2026牛客寒假算法基础集训营1 E Block Game.cpp,Y
115 2026牛客寒假算法基础集训营1 G Digital Folding.cpp,116,116 2026牛客寒假算法基础集训营1 G Digital Folding.cpp,Y
116 2026牛客寒假算法基础集训营1 H Blackboard.cpp,117,117 2026牛客寒假算法基础集训营1 H Blackboard.cpp,Y
117 2026牛客寒假算法基础集训营1 K Constructive.cpp,118,118 2026牛客寒假算法基础集训营1 K Constructive.cpp,Y
118 2026牛客寒假算法基础集训营1 L Need Zero.cpp,119,119 2026牛客寒假算法基础集训营1 L Need Zero.cpp,Y
119 2026牛客寒假算法基础集训营1.cpp,120,120 2026牛客寒假算法基础集训营1.cpp,Y
120 递归 （洛谷 P10457 占卜DIY）.cpp,121,121 递归 （洛谷 P10457 占卜DIY）.cpp,Y
121 贪心 （牛客 小紫的劣势博弈）.cpp,122,122 贪心 （牛客 小紫的劣势博弈）.cpp,Y
122 牛客周赛 Round 128 E 小红的提拉米苏配方（easy）.cpp,123,123 牛客周赛 Round 128 E 小红的提拉米苏配方（easy）.cpp,Y
123.cpp,124,124.cpp,Y
123 分治 （洛谷 P1908 逆序对）.cpp,125,125 分治 （洛谷 P1908 逆序对）.cpp,Y
124 （判断二进制位数）.cpp,126,126 （判断二进制位数）.cpp,Y
125 2026牛客寒假算法基础集训营2 A 比赛安排（PDF题面存放于本题）.cpp,127,127 2026牛客寒假算法基础集训营2 A 比赛安排（PDF题面存放于本题）.cpp,Y
126  2026牛客寒假算法基础集训营2 B NCPC.cpp,128,128  2026牛客寒假算法基础集训营2 B NCPC.cpp,Y
127 2026牛客寒假算法基础集训营2 E 01矩阵.cpp,129,129 2026牛客寒假算法基础集训营2 E 01矩阵.cpp,Y
128 2026牛客寒假算法基础集训营2 F x y n .cpp,130,130 2026牛客寒假算法基础集训营2 F x y n .cpp,Y
129 2026牛客寒假算法基础集训营2 H 权值计算.cpp,131,131 2026牛客寒假算法基础集训营2 H 权值计算.cpp,Y
130 2026牛客寒假算法基础集训营2 I 01回文.cpp,132,132 2026牛客寒假算法基础集训营2 I 01回文.cpp,Y
131 2026牛客寒假算法基础集训营3  A 宙天.cpp,133,133 2026牛客寒假算法基础集训营3  A 宙天.cpp,Y
132 2026牛客寒假算法基础集训营3  B Random.cpp,134,134 2026牛客寒假算法基础集训营3  B Random.cpp,Y
133 2026牛客寒假算法基础集训营3 G スピカの天秤.cpp,135,135 2026牛客寒假算法基础集训营3 G スピカの天秤.cpp,Y
134 2026牛客寒假算法基础集训营3 H Tic Tac DREAMIN'.cpp,136,136 2026牛客寒假算法基础集训营3 H Tic Tac DREAMIN'.cpp,Y
135 分治（快速选择算法）（洛谷 P1923 【深基9.例4】求第 k 小的数）.cpp,137,137 分治（快速选择算法）（洛谷 P1923 【深基9.例4】求第 k 小的数）.cpp,Y
136 分治 （洛谷 P1115 最大子段和）.cpp,138,138 分治 （洛谷 P1115 最大子段和）.cpp,Y
137 DP （洛谷 P1115 最大子段和）.cpp,139,139 DP （洛谷 P1115 最大子段和）.cpp,Y
138 （生日悖论）.cpp,140,140 （生日悖论）.cpp,Y
139 计算几何（向量叉乘+运算符重载）（牛客 noob75 两直线交点）.cpp,141,141 计算几何（向量叉乘+运算符重载）（牛客 noob75 两直线交点）.cpp,Y
140 2026牛客寒假算法基础集训营4 A 本场比赛灵感来源于树状数组出题组.cpp,142,142 2026牛客寒假算法基础集训营4 A 本场比赛灵感来源于树状数组出题组.cpp,Y
141 2026牛客寒假算法基础集训营4 B 构造部落.cpp,143,143 2026牛客寒假算法基础集训营4 B 构造部落.cpp,Y
142 2026牛客寒假算法基础集训营4 I 初华的扭蛋机.cpp,144,144 2026牛客寒假算法基础集训营4 I 初华的扭蛋机.cpp,Y
143 2026牛客寒假算法基础集训营4 C 墨提斯的排列.cpp,145,145 2026牛客寒假算法基础集训营4 C 墨提斯的排列.cpp,Y
144 2026牛客寒假算法基础集训营4 H 时不时使用玉米加农炮掩饰害羞的邻座艾莉同学.cpp,146,146 2026牛客寒假算法基础集训营4 H 时不时使用玉米加农炮掩饰害羞的邻座艾莉同学.cpp,Y
145 2026牛客寒假算法基础集训营4 F 爱音的01串构造.cpp,147,147 2026牛客寒假算法基础集训营4 F 爱音的01串构造.cpp,Y
146 分治（递归） （洛谷 P1228 地毯填补问题）.cpp,148,148 分治（递归） （洛谷 P1228 地毯填补问题）.cpp,Y
147（探究加两个数减法和位运算之间的大小关系）.cpp,149,149（探究加两个数减法和位运算之间的大小关系）.cpp,Y
148 2026牛客寒假算法基础集训营5 B 智乃的瓷砖.cpp,150,150 2026牛客寒假算法基础集训营5 B 智乃的瓷砖.cpp,Y
149 2026牛客寒假算法基础集训营5 J 智乃的幻方.cpp,151,151 2026牛客寒假算法基础集训营5 J 智乃的幻方.cpp,Y
150 2026牛客寒假算法基础集训营5 G 智乃的箭头魔术.cpp,152,152 2026牛客寒假算法基础集训营5 G 智乃的箭头魔术.cpp,Y
151 2026牛客寒假算法基础集训营5 D 智乃的果子.cpp,153,153 2026牛客寒假算法基础集训营5 D 智乃的果子.cpp,Y
152 2026牛客寒假算法基础集训营5 E 智乃的最大子段和取模.cpp,154,154 2026牛客寒假算法基础集训营5 E 智乃的最大子段和取模.cpp,Y
153 DFS（洛谷 B3622 枚举子集（递归实现指数型枚举））153.cpp,155,155 DFS（洛谷 B3622 枚举子集（递归实现指数型枚举））153.cpp,Y
154 DFS （洛谷 P10448 组合型枚举）.cpp,156,156 DFS （洛谷 P10448 组合型枚举）.cpp,Y
155 DFS （洛谷 B3623 枚举排列（递归实现排列型枚举））.cpp,157,157 DFS （洛谷 B3623 枚举排列（递归实现排列型枚举））.cpp,Y
156 2026牛客寒假算法基础集训营6 K 小L的游戏1.cpp,158,158 2026牛客寒假算法基础集训营6 K 小L的游戏1.cpp,Y
157 2026牛客寒假算法基础集训营6 H 小L的数组.cpp,159,159 2026牛客寒假算法基础集训营6 H 小L的数组.cpp,Y
158 2026牛客寒假算法基础集训营6 G 小L的散步.cpp,160,160 2026牛客寒假算法基础集训营6 G 小L的散步.cpp,Y
159DFS （洛谷 P1706 全排列问题）.cpp,161,161DFS （洛谷 P1706 全排列问题）.cpp,Y
160DFS （洛谷 P1036 [NOIP 2002 普及组] 选数）.cpp,162,162DFS （洛谷 P1036 [NOIP 2002 普及组] 选数）.cpp,Y
161DFS （蓝桥杯真题（洛谷）P9241 [蓝桥杯 2023 省 B] 飞机降落）.cpp,163,163DFS （蓝桥杯真题（洛谷）P9241 [蓝桥杯 2023 省 B] 飞机降落）.cpp,Y
162DFS （洛谷 P1219 [USACO1.5] 八皇后 Checker Challenge）.cpp,164,164DFS （洛谷 P1219 [USACO1.5] 八皇后 Checker Challenge）.cpp,Y
163 Codeforces Round 1080 (Div. 3) A Sieve of Erato67henes.cpp,165,165 Codeforces Round 1080 (Div. 3) A Sieve of Erato67henes.cpp,Y
164 Codeforces Round 1080 (Div. 3) B Heapify 1.cpp,166,166 Codeforces Round 1080 (Div. 3) B Heapify 1.cpp,Y
165 Codeforces Round 1080 (Div. 3) C Dice Roll Sequence.cpp,167,167 Codeforces Round 1080 (Div. 3) C Dice Roll Sequence.cpp,Y
166 Codeforces Round 1080 (Div. 3) D Absolute Cinema.cpp,168,168 Codeforces Round 1080 (Div. 3) D Absolute Cinema.cpp,Y
167 Codeforces Round 1080 (Div. 3) E Idiot First Search.cpp,169,169 Codeforces Round 1080 (Div. 3) E Idiot First Search.cpp,Y
168 [LGR-271-Div.3] 洛谷基础赛 #31 & 「WYZOI」中国新年跨年赛 2025→2026 A 「WYZOI R2」红包.cpp,170,170 [LGR-271-Div.3] 洛谷基础赛 #31 & 「WYZOI」中国新年跨年赛 2025→2026 A 「WYZOI R2」红包.cpp,Y
169 [LGR-271-Div.3] 洛谷基础赛 #31 & 「WYZOI」中国新年跨年赛 2025→2026 B 「WYZOI R2」春运.cpp,171,171 [LGR-271-Div.3] 洛谷基础赛 #31 & 「WYZOI」中国新年跨年赛 2025→2026 B 「WYZOI R2」春运.cpp,Y
170DFS（洛谷 P1784 数独）.cpp,172,172DFS（洛谷 P1784 数独）.cpp,Y
171DFS（剪枝） （洛谷 P1025 [NOIP 2001 提高组] 数的划分）.cpp,173,173DFS（剪枝） （洛谷 P1025 [NOIP 2001 提高组] 数的划分）.cpp,Y
172DFS（剪枝） （洛谷 P10483 小猫爬山）.cpp,174,174DFS（剪枝） （洛谷 P10483 小猫爬山）.cpp,Y
173记忆化搜索 （洛谷 P1464 Function）.cpp,175,175记忆化搜索 （洛谷 P1464 Function）.cpp,Y
174记忆化搜索 （洛谷 P5635 【CSGRound1】天下第一）.cpp,176,176记忆化搜索 （洛谷 P5635 【CSGRound1】天下第一）.cpp,Y
175记忆化搜索（洛谷 P1434 [SHOI2002] 滑雪）.cpp,177,177记忆化搜索（洛谷 P1434 [SHOI2002] 滑雪）.cpp,Y
176BFS（洛谷 P1443 马的遍历）.cpp,178,178BFS（洛谷 P1443 马的遍历）.cpp,Y
177BFS（牛客 kotori和迷宫）.cpp,179,179BFS（牛客 kotori和迷宫）.cpp,Y
178BFS（洛谷 P1588 [USACO07OPEN] Catch That Cow S）.cpp,180,180BFS（洛谷 P1588 [USACO07OPEN] Catch That Cow S）.cpp,Y
179BFS（洛谷 P1379 八数码难题）.cpp,181,181BFS（洛谷 P1379 八数码难题）.cpp,Y
180多源BFS（牛客 矩阵距离）.cpp,182,182多源BFS（牛客 矩阵距离）.cpp,Y
181二分答案+多源BFS（洛谷 P1902 刺杀大使）.cpp,183,183二分答案+多源BFS（洛谷 P1902 刺杀大使）.cpp,Y
182 01BFS（洛谷 P4554 小明的游戏）.cpp,184,184 01BFS（洛谷 P4554 小明的游戏）.cpp,Y
183 01BFS（洛谷（CF） CF590C Three States）.cpp,185,185 01BFS（洛谷（CF） CF590C Three States）.cpp,Y
184Floodfill 问题（DFS）（洛谷 P1596 [USACO10OCT] Lake Counting S）.cpp,186,186Floodfill 问题（DFS）（洛谷 P1596 [USACO10OCT] Lake Counting S）.cpp,Y
185Floodfill 问题（BFS）（洛谷 P1596 [USACO10OCT] Lake Counting S）.cpp,187,187Floodfill 问题（BFS）（洛谷 P1596 [USACO10OCT] Lake Counting S）.cpp,Y
186Floodfill 问题（DFS）（洛谷 P1162 填涂颜色）.cpp,188,188Floodfill 问题（DFS）（洛谷 P1162 填涂颜色）.cpp,Y
187Floodfill 问题（BFS）（洛谷 P1162 填涂颜色）.cpp,189,189Floodfill 问题（BFS）（洛谷 P1162 填涂颜色）.cpp,Y
188顺序存储树的方式（公式法）.cpp,190,190顺序存储树的方式（公式法）.cpp,Y
"189顺序存储树的方式（静态链表存储,无val）.cpp",191,"191顺序存储树的方式（静态链表存储,无val）.cpp",Y
"190顺序存储树的方式（静态链表存储,有val）.cpp",192,"192顺序存储树的方式（静态链表存储,有val）.cpp",Y
191顺序存储树的方式（邻接表存储）.cpp,193,193顺序存储树的方式（邻接表存储）.cpp,Y
192单调栈.cpp,194,194单调栈.cpp,Y
193单调栈 （洛谷 P5788 【模板】单调栈）.cpp,195,195单调栈 （洛谷 P5788 【模板】单调栈）.cpp,Y
194单调栈 （洛谷 P1901 发射站）.cpp,196,196单调栈 （洛谷 P1901 发射站）.cpp,Y
195单调栈 （洛谷 SP1805 HISTOGRA - Largest Rectangle in a Histogram）.cpp,197,197单调栈 （洛谷 SP1805 HISTOGRA - Largest Rectangle in a Histogram）.cpp,Y
196单调队列 （洛谷 P1886 【模板】单调队列  滑动窗口）.cpp,198,198单调队列 （洛谷 P1886 【模板】单调队列  滑动窗口）.cpp,Y
197单调队列 （洛谷 P2251 质量检测）.cpp,199,199单调队列 （洛谷 P2251 质量检测）.cpp,Y
198并查集 （洛谷 P3367 【模板】并查集）.cpp,200,200并查集 （洛谷 P3367 【模板】并查集）.cpp,Y
199并查集 （洛谷 P1551 亲戚）.cpp,201,201并查集 （洛谷 P1551 亲戚）.cpp,Y
200并查集 （洛谷 P1596 [USACO10OCT] Lake Counting S）.cpp,202,202并查集 （洛谷 P1596 [USACO10OCT] Lake Counting S）.cpp,Y
201并查集+离散化 （洛谷 P1955 [NOI2015] 程序自动分析）.cpp,203,203并查集+离散化 （洛谷 P1955 [NOI2015] 程序自动分析）.cpp,Y
202扩展域并查集（洛谷 P1892 [BalticOI 2003] 团伙）.cpp,204,204扩展域并查集（洛谷 P1892 [BalticOI 2003] 团伙）.cpp,Y
203扩展域并查集（洛谷 P2024 [NOI2001] 食物链）.cpp,205,205扩展域并查集（洛谷 P2024 [NOI2001] 食物链）.cpp,Y
204并查集（路径压缩+按秩合并）.cpp,206,206并查集（路径压缩+按秩合并）.cpp,Y
205矩阵乘法+矩阵快速幂（牛客 波斐契那数列）.cpp,207,207矩阵乘法+矩阵快速幂（牛客 波斐契那数列）.cpp,Y
206并查集（核心代码模式） （力扣 839. 相似字符串组）.cpp,208,208并查集（核心代码模式） （力扣 839. 相似字符串组）.cpp,Y
207 20260228每日一题（核心代码模式）（力扣 1680. 连接连续二进制数字）.cpp,209,209 20260228每日一题（核心代码模式）（力扣 1680. 连接连续二进制数字）.cpp,Y
208 20260228每日一题（牛客 被打乱的异或和）.cpp,210,210 20260228每日一题（牛客 被打乱的异或和）.cpp,Y
209 牛客小白月赛129 A 小橘编译器.cpp,211,211 牛客小白月赛129 A 小橘编译器.cpp,Y
210 牛客小白月赛129 B 小橙的好序列.cpp,212,212 牛客小白月赛129 B 小橙的好序列.cpp,Y
211 牛客小白月赛129 C 小橙的完美序列.cpp,213,213 牛客小白月赛129 C 小橙的完美序列.cpp,Y
212 牛客小白月赛129（减少一层遍历的做法） C 小橙的完美序列.cpp,214,214 牛客小白月赛129（减少一层遍历的做法） C 小橙的完美序列.cpp,Y
213 智创未来杯 2025武汉地区高校联合新生赛 G 你好，世界.cpp,215,215 智创未来杯 2025武汉地区高校联合新生赛 G 你好，世界.cpp,Y
214 智创未来杯 2025武汉地区高校联合新生赛 F Anon的疑问.cpp,216,216 智创未来杯 2025武汉地区高校联合新生赛 F Anon的疑问.cpp,Y
215 智创未来杯 2025武汉地区高校联合新生赛 H  哆啦 A 梦的神奇铜锣烧储存系统.cpp,217,217 智创未来杯 2025武汉地区高校联合新生赛 H  哆啦 A 梦的神奇铜锣烧储存系统.cpp,Y
216 （排序+双指针）第 178 场双周赛(核心代码模式) Q3 使数组奇偶交替的最少操作 .cpp,218,218 （排序+双指针）第 178 场双周赛(核心代码模式) Q3 使数组奇偶交替的最少操作 .cpp,Y
217 并查集 （核心代码模式）（力扣 947. 移除最多的同行或同列石头）.cpp,219,219 并查集 （核心代码模式）（力扣 947. 移除最多的同行或同列石头）.cpp,Y
218 并查集 （核心代码模式） （力扣  2092. 找出知晓秘密的所有专家）.cpp,220,220 并查集 （核心代码模式） （力扣  2092. 找出知晓秘密的所有专家）.cpp,Y
219倍增化+ST表 （洛谷 P4155 [SCOI2015] 国旗计划）.cpp,221,221倍增化+ST表 （洛谷 P4155 [SCOI2015] 国旗计划）.cpp,Y
220 ST表 （洛谷 P2880 [USACO07JAN] Balanced Lineup G）.cpp,222,222 ST表 （洛谷 P2880 [USACO07JAN] Balanced Lineup G）.cpp,Y
221. ST表 （洛谷 P1890 gcd 区间）.cpp,223,223. ST表 （洛谷 P1890 gcd 区间）.cpp,Y
222 并查集 （核心代码模式） （力扣 765. 情侣牵手）.cpp,224,224 并查集 （核心代码模式） （力扣 765. 情侣牵手）.cpp,Y
223 质因数分解.cpp,225,225 质因数分解.cpp,Y
224 （数学）  牛客周赛 Round 133 C 小红的数字查找.cpp,226,226 （数学）  牛客周赛 Round 133 C 小红的数字查找.cpp,Y
225 DP （洛谷 P1192 台阶问题）.cpp,227,227 DP （洛谷 P1192 台阶问题）.cpp,Y
226 二维DP （洛谷 P1057 [NOIP 2008 普及组] 传球游戏）.cpp,228,228 二维DP （洛谷 P1057 [NOIP 2008 普及组] 传球游戏）.cpp,Y
227DFS20260302牛客每日一题 恶魔果实.cpp,229,229DFS20260302牛客每日一题 恶魔果实.cpp,Y
228 牛客周赛 Round 133  D 小红的异或分组.cpp,230,230 牛客周赛 Round 133  D 小红的异或分组.cpp,Y
229 20260302力扣每日一题（核心代码模式） 1536. 排布二进制网格的最少交换次数.cpp,231,231 20260302力扣每日一题（核心代码模式） 1536. 排布二进制网格的最少交换次数.cpp,Y
230 并查集（核心代码模式） （力扣 2421. 好路径的数目）.cpp,232,232 并查集（核心代码模式） （力扣 2421. 好路径的数目）.cpp,Y
231 并查集 （核心代码模式） （力扣 928. 尽量减少恶意软件的传播 II）.cpp,233,233 并查集 （核心代码模式） （力扣 928. 尽量减少恶意软件的传播 II）.cpp,Y
232带权并查集（计算每个节点的相对路径和）.cpp,234,234带权并查集（计算每个节点的相对路径和）.cpp,Y
233 带权并查集 （蓝桥云课） （洛谷 P8779 [蓝桥杯 2022 省 A] 推导部分和）.cpp,235,235 带权并查集 （蓝桥云课） （洛谷 P8779 [蓝桥杯 2022 省 A] 推导部分和）.cpp,Y
234DFS （洛谷 B3621 枚举元组）.cpp,236,236DFS （洛谷 B3621 枚举元组）.cpp,Y
235DFS （洛谷 P2089 烤鸡）.cpp,237,237DFS （洛谷 P2089 烤鸡）.cpp,Y
236DFS （洛谷（蓝桥云课） P15435 [蓝桥杯 2025 国 Python B] 免费披萨）.cpp,238,238DFS （洛谷（蓝桥云课） P15435 [蓝桥杯 2025 国 Python B] 免费披萨）.cpp,Y
237竞赛中打表样例1.cpp,239,239竞赛中打表样例1.cpp,Y
238 竞赛中打表样例2.cpp,240,240 竞赛中打表样例2.cpp,Y
239 20260304牛客每日一题（并查集）多米诺骨牌.cpp,241,241 20260304牛客每日一题（并查集）多米诺骨牌.cpp,Y
240 字符串哈希.cpp,242,242 字符串哈希.cpp,Y
241字符串哈希（洛谷 P3370 【模板】字符串哈希）.cpp,243,243字符串哈希（洛谷 P3370 【模板】字符串哈希）.cpp,Y
242字符串哈希· （洛谷 P10468 兔子与兔子）.cpp,244,244字符串哈希· （洛谷 P10468 兔子与兔子）.cpp,Y
243（DP） 智创未来杯 2025 武汉地区联合新生赛 A 昨昨昨日日日重重重现现现.cpp,245,245（DP） 智创未来杯 2025 武汉地区联合新生赛 A 昨昨昨日日日重重重现现现.cpp,Y
244 20260306羊村每日一题 （CF Innopolis Open 2024. Final round A. Episodes）.cpp,246,246 20260306羊村每日一题 （CF Innopolis Open 2024. Final round A. Episodes）.cpp,Y
245第 16 届蓝桥杯C C++ B 组真题  6 水质检测.cpp,247,247第 16 届蓝桥杯C C++ B 组真题  6 水质检测.cpp,Y
246 20260307牛客每日一题 Rinne Loves Edges.cpp,248,248 20260307牛客每日一题 Rinne Loves Edges.cpp,Y
247 20260308力扣每日一题（核心代码模式） 1980. 找出不同的二进制字符串.cpp,249,249 20260308力扣每日一题（核心代码模式） 1980. 找出不同的二进制字符串.cpp,Y
248 牛客周赛 Round 134C Unique Number.cpp,250,250 牛客周赛 Round 134C Unique Number.cpp,Y
249 牛客周赛 Round 134D  Balanced Array.cpp,251,251 牛客周赛 Round 134D  Balanced Array.cpp,Y
250DP P10250 [GESP样题 六级] 下楼梯.cpp,252,252DP P10250 [GESP样题 六级] 下楼梯.cpp,Y
251 20260310牛客每日一题 不是烤串故事.cpp,253,253 20260310牛客每日一题 不是烤串故事.cpp,Y
252 DP P1216 [IOI 1994  USACO1.5] 数字三角形 Number Triangles.cpp,254,254 DP P1216 [IOI 1994  USACO1.5] 数字三角形 Number Triangles.cpp,Y
253 （贡献法）20260313牛客每日一题 显生之宙.cpp,255,255 （贡献法）20260313牛客每日一题 显生之宙.cpp,Y
254 DP （洛谷 P1541 [NOIP 2010 提高组] 乌龟棋）.cpp,256,256 DP （洛谷 P1541 [NOIP 2010 提高组] 乌龟棋）.cpp,Y
255 20260317 力扣每日一题 1727. 重新排列后的最大子矩阵.cpp,257,257 20260317 力扣每日一题 1727. 重新排列后的最大子矩阵.cpp,Y
256预处理组合数 （牛客20260319每日一题  小红的连续段）.cpp,258,258预处理组合数 （牛客20260319每日一题  小红的连续段）.cpp,Y
257 搜索 （牛客，20260324每日一题 太阳之华）.cpp,259,259 搜索 （牛客，20260324每日一题 太阳之华）.cpp,Y
258 路径DP（洛谷 P1002 [NOIP 2002 普及组] 过河卒）.cpp,260,260 路径DP（洛谷 P1002 [NOIP 2002 普及组] 过河卒）.cpp,Y
259 路径DP （洛谷 P1004 [NOIP 2000 提高组] 方格取数）.cpp,261,261 路径DP （洛谷 P1004 [NOIP 2000 提高组] 方格取数）.cpp,Y
260DP（洛谷 B3637 最长上升子序列）.cpp,262,262DP（洛谷 B3637 最长上升子序列）.cpp,Y
261贪心+二分 （牛客 【模板】最长上升子序列）.cpp,263,263贪心+二分 （牛客 【模板】最长上升子序列）.cpp,Y
262 DP（洛谷 P1091 [NOIP 2004 提高组] 合唱队形）.cpp,264,264 DP（洛谷 P1091 [NOIP 2004 提高组] 合唱队形）.cpp,Y
263.cpp,265,265.cpp,Y
263DP（LCM问题） （牛客 牛可乐和最长公共子序列 ）.cpp,266,266DP（LCM问题） （牛客 牛可乐和最长公共子序列 ）.cpp,Y
264DP （洛谷 P2758 编辑距离）.cpp,267,267DP （洛谷 P2758 编辑距离）.cpp,Y
265 DP（牛客 【模板】01背包）.cpp,268,268 DP（牛客 【模板】01背包）.cpp,Y
266 DP（洛谷 P1048 [NOIP 2005 普及组] 采药）.cpp,269,269 DP（洛谷 P1048 [NOIP 2005 普及组] 采药）.cpp,Y
267 DP （洛谷 P1164 小 A 点菜）.cpp,270,270 DP （洛谷 P1164 小 A 点菜）.cpp,Y
268 2025 CCPC 全国邀请赛（南昌）暨第二届江西省赛  A. 扭蛋.cpp,271,271 2025 CCPC 全国邀请赛（南昌）暨第二届江西省赛  A. 扭蛋.cpp,Y
269 DP （洛谷 P2946 [USACO09MAR] Cow Frisbee Team S）.cpp,272,272 DP （洛谷 P2946 [USACO09MAR] Cow Frisbee Team S）.cpp,Y
270 DP（牛客 【模板】完全背包）.cpp,273,273 DP（牛客 【模板】完全背包）.cpp,Y
271 DP（洛谷 P1616 疯狂的采药）.cpp,274,274 DP（洛谷 P1616 疯狂的采药）.cpp,Y
272 DP （洛谷 P2918 [USACO08NOV] Buying Hay S）.cpp,275,275 DP （洛谷 P2918 [USACO08NOV] Buying Hay S）.cpp,Y
273 DP（洛谷 P5662 [CSP-J 2019] 纪念品）.cpp,276,276 DP（洛谷 P5662 [CSP-J 2019] 纪念品）.cpp,Y
274 DP（“至少”的状态表示做法） （洛谷 P2918 [USACO08NOV] Buying Hay S）.cpp,277,277 DP（“至少”的状态表示做法） （洛谷 P2918 [USACO08NOV] Buying Hay S）.cpp,Y
275 DP（牛客 多重背包）.cpp,278,278 DP（牛客 多重背包）.cpp,Y
276 DP（二进制优化版）（20260315每日一题）（牛客 【模板】多重背包）.cpp,279,279 DP（二进制优化版）（20260315每日一题）（牛客 【模板】多重背包）.cpp,Y
277 Codeforces Round 1090 (Div. 4)A.cpp,280,280 Codeforces Round 1090 (Div. 4)A.cpp,Y
278 Codeforces Round 1090 (Div. 4) B.cpp,281,281 Codeforces Round 1090 (Div. 4) B.cpp,Y
279 Codeforces Round 1090 (Div. 4) C The 67th Permutation Problem.cpp,282,282 Codeforces Round 1090 (Div. 4) C The 67th Permutation Problem.cpp,Y
280 Codeforces Round 1090 (Div. 4) D.cpp,283,283 Codeforces Round 1090 (Div. 4) D.cpp,Y
281 Codeforces Round 1090 (Div. 4) E.cpp,284,284 Codeforces Round 1090 (Div. 4) E.cpp,Y
282 Codeforces Round 1090 (Div. 4) G The 67th Iteration of Counting is Fun .cpp,285,285 Codeforces Round 1090 (Div. 4) G The 67th Iteration of Counting is Fun .cpp,Y
283DP（力扣 bytedance-006. 夏季特惠）.cpp,286,286DP（力扣 bytedance-006. 夏季特惠）.cpp,Y
284  （一题多解）（力扣 494. 目标和）.cpp,287,287  （一题多解）（力扣 494. 目标和）.cpp,Y
285 20260406力扣每日一题 874. 模拟行走机器人.cpp,288,288 20260406力扣每日一题 874. 模拟行走机器人.cpp,Y
286废稿.cpp,289,289废稿.cpp,Y
287数模练习1代码1.cpp,290,290数模练习1代码1.cpp,Y
288数模练习1代码2.cpp,291,291数模练习1代码2.cpp,Y
289数模练习1代码3.cpp,292,292数模练习1代码3.cpp,Y
290.cpp,293,293.cpp,Y
290 DP（洛谷 P1064 [NOIP 2006 提高组] 金明的预算方案）.cpp,294,294 DP（洛谷 P1064 [NOIP 2006 提高组] 金明的预算方案）.cpp,Y
291 第十七届蓝桥杯大赛软件赛省赛C C++ 大学B组 C 循环右移.cpp,295,295 第十七届蓝桥杯大赛软件赛省赛C C++ 大学B组 C 循环右移.cpp,Y
292 第十七届蓝桥杯大赛软件赛省赛C C++ 大学B组 D 蓝桥竞技.cpp,296,296 第十七届蓝桥杯大赛软件赛省赛C C++ 大学B组 D 蓝桥竞技.cpp,Y
293 第十七届蓝桥杯大赛软件赛省赛C C++ 大学B组 E LQ 聚合.cpp,297,297 第十七届蓝桥杯大赛软件赛省赛C C++ 大学B组 E LQ 聚合.cpp,Y
294 第十七届蓝桥杯大赛软件赛省赛C C++ 大学B组 F 应急布线.cpp,298,298 第十七届蓝桥杯大赛软件赛省赛C C++ 大学B组 F 应急布线.cpp,Y
295The 2026 ICPC China Shenzhen Invitational Contest L Critical Strike.cpp,299,299The 2026 ICPC China Shenzhen Invitational Contest L Critical Strike.cpp,Y
296 手搓静态链表（还没写完）.cpp,300,300 手搓静态链表（还没写完）.cpp,Y
297 天梯赛训练题.cpp,301,301 天梯赛训练题.cpp,Y
298数模练习1代码4.cpp,302,302数模练习1代码4.cpp,Y
299数模练习1代码5.cpp,303,303数模练习1代码5.cpp,Y
300数模练习1代码6.cpp,304,304数模练习1代码6.cpp,Y
301 2026牛客寒假算法基础集训营1 D Sequence Coloring.cpp,305,305 2026牛客寒假算法基础集训营1 D Sequence Coloring.cpp,Y
302 KAJIMA CORPORATION CONTEST 2024 (AtCoder Beginner Contest 340) A Arithmetic Progression.cpp,306,306 KAJIMA CORPORATION CONTEST 2024 (AtCoder Beginner Contest 340) A Arithmetic Progression.cpp,Y
303 KAJIMA CORPORATION CONTEST 2024 (AtCoder Beginner Contest 340) B Append.cpp,307,307 KAJIMA CORPORATION CONTEST 2024 (AtCoder Beginner Contest 340) B Append.cpp,Y
304 KAJIMA CORPORATION CONTEST 2024 (AtCoder Beginner Contest 340) C Divide and Divide.cpp,308,308 KAJIMA CORPORATION CONTEST 2024 (AtCoder Beginner Contest 340) C Divide and Divide.cpp,Y
305 KAJIMA CORPORATION CONTEST 2024 (AtCoder Beginner Contest 340) D Super Takahashi Bros..cpp,309,309 KAJIMA CORPORATION CONTEST 2024 (AtCoder Beginner Contest 340) D Super Takahashi Bros..cpp,Y
306堆做法（非负数组前k个最小的子序列累加和）.cpp,310,310堆做法（非负数组前k个最小的子序列累加和）.cpp,Y
307DP（洛谷 P1757 通天之分组背包）.cpp,311,311DP（洛谷 P1757 通天之分组背包）.cpp,Y
308（一题多解）（力扣 10. 正则表达式匹配）.cpp,312,312（一题多解）（力扣 10. 正则表达式匹配）.cpp,Y
309（一题多解）（力扣 44. 通配符匹配）.cpp,313,313（一题多解）（力扣 44. 通配符匹配）.cpp,Y
310混合背包转多重背包（洛谷，P1833 樱花）.cpp,314,314混合背包转多重背包（洛谷，P1833 樱花）.cpp,Y
311 单调队列优化多重背包（洛谷，P1776 宝物筛选）.cpp,315,315 单调队列优化多重背包（洛谷，P1776 宝物筛选）.cpp,Y
312 单调队列优化多重背包（空间压缩）（洛谷，P1776 宝物筛选）.cpp,316,316 单调队列优化多重背包（空间压缩）（洛谷，P1776 宝物筛选）.cpp,Y
313 混合背包（DP，Coins）.cpp,317,317 混合背包（DP，Coins）.cpp,Y
314 多重背包（洛谷 P1077 [NOIP 2012 普及组] 摆花）.cpp,318,318 多重背包（洛谷 P1077 [NOIP 2012 普及组] 摆花）.cpp,Y
315 DP（洛谷 P5322 [BJOI2019] 排兵布阵）.cpp,319,319 DP（洛谷 P5322 [BJOI2019] 排兵布阵）.cpp,Y
316 DP（洛谷 P1910 L 国的战斗之间谍）.cpp,320,320 DP（洛谷 P1910 L 国的战斗之间谍）.cpp,Y
317A.cpp,321,321A.cpp,Y
318B.cpp,322,322B.cpp,Y
319C.cpp,323,323C.cpp,Y
320D.cpp,324,324D.cpp,Y
321E.cpp,325,325E.cpp,Y
322F.cpp,326,326F.cpp,Y
323区间DP（洛谷 P1435 [IOI 2000] 回文字串）.cpp,327,327区间DP（洛谷 P1435 [IOI 2000] 回文字串）.cpp,Y
324区间DP（洛谷 P2858 [USACO06FEB] Treats for the Cows G S）.cpp,328,328区间DP（洛谷 P2858 [USACO06FEB] Treats for the Cows G S）.cpp,Y
325区间DP（洛谷 P1775 石子合并（弱化版））.cpp,329,329区间DP（洛谷 P1775 石子合并（弱化版））.cpp,Y
326F.cpp,330,330F.cpp,Y
327A.cpp,331,331A.cpp,Y
328区间DP（洛谷 P1880 [NOI1995] 石子合并）.cpp,332,332区间DP（洛谷 P1880 [NOI1995] 石子合并）.cpp,Y
329区间DP（洛谷 P3146 [USACO16OPEN] 248 G）.cpp,333,333区间DP（洛谷 P3146 [USACO16OPEN] 248 G）.cpp,Y
330A.cpp,334,334A.cpp,Y
331B.cpp,335,335B.cpp,Y
332C.cpp,336,336C.cpp,Y
333D.cpp,337,337D.cpp,Y
334DFS（卡码网 98. 可达路径）.cpp,338,338DFS（卡码网 98. 可达路径）.cpp,Y
335岛屿数量的三种做法.cpp,339,339岛屿数量的三种做法.cpp,Y
336.cpp,340,340.cpp,Y
337D.cpp,341,341D.cpp,Y
338最小生成树之prim.cpp,342,342最小生成树之prim.cpp,Y
339最小生成树之kruskal.cpp,343,343最小生成树之kruskal.cpp,Y
340最小生成树之prim（堆优化）.cpp,344,344最小生成树之prim（堆优化）.cpp,Y
341牛客小白月赛132C.cpp,345,345牛客小白月赛132C.cpp,Y
342拓扑排序.cpp,346,346拓扑排序.cpp,Y
343最小生成树（洛谷 P3366 【模板】最小生成树）.cpp,347,347最小生成树（洛谷 P3366 【模板】最小生成树）.cpp,Y
344最小生成树（洛谷 P1194 买礼物）.cpp,348,348最小生成树（洛谷 P1194 买礼物）.cpp,Y
345dij朴素版dig.cpp,349,349dij朴素版dig.cpp,Y
346dij堆优化dig.cpp,350,350dij堆优化dig.cpp,Y
347Bellman_ford.cpp,351,351Bellman_ford.cpp,Y
348Bellman_ford队列优化版.cpp,352,352Bellman_ford队列优化版.cpp,Y
349Bellman_ford判断负权回路.cpp,353,353Bellman_ford判断负权回路.cpp,Y
350Bellman_ford堆优化判断负权回路.cpp,354,354Bellman_ford堆优化判断负权回路.cpp,Y
351Bellman_ford单源有限最短路.cpp,355,355Bellman_ford单源有限最短路.cpp,Y
352Bellman_ford队列优化单源有限最短路.cpp,356,356Bellman_ford队列优化单源有限最短路.cpp,Y
353Floyd算法.cpp,357,357Floyd算法.cpp,Y
354最小生成树（洛谷 P2330 [SCOI2005] 繁忙的都市）.cpp,358,358最小生成树（洛谷 P2330 [SCOI2005] 繁忙的都市）.cpp,Y
355最小生成树 （洛谷 P2573 [SCOI2012] 滑雪）.cpp,359,359最小生成树 （洛谷 P2573 [SCOI2012] 滑雪）.cpp,Y
356 拓扑排序（洛谷 B3644 【模板】拓扑排序  家谱树）.cpp,360,360 拓扑排序（洛谷 B3644 【模板】拓扑排序  家谱树）.cpp,Y
357拓扑排序（洛谷 P2712 摄像头）.cpp,361,361拓扑排序（洛谷 P2712 摄像头）.cpp,Y
358拓扑排序（洛谷 P4017 最大食物链计数）.cpp,362,362拓扑排序（洛谷 P4017 最大食物链计数）.cpp,Y
359拓扑排序（洛谷 P1113 [USACO02FEB] 杂务）.cpp,363,363拓扑排序（洛谷 P1113 [USACO02FEB] 杂务）.cpp,Y
360dij（洛谷 P3371 【模板】单源最短路径（弱化版））.cpp,364,364dij（洛谷 P3371 【模板】单源最短路径（弱化版））.cpp,Y
361 Bellman_ford（洛谷 P3385 【模板】负环）.cpp,365,365 Bellman_ford（洛谷 P3385 【模板】负环）.cpp,Y
362dij（洛谷 P1629 邮递员送信）.cpp,366,366dij（洛谷 P1629 邮递员送信）.cpp,Y
363dij（洛谷 P1744 采购特价商品）.cpp,367,367dij（洛谷 P1744 采购特价商品）.cpp,Y
364bf（洛谷 P2136 拉近距离）.cpp,368,368bf（洛谷 P2136 拉近距离）.cpp,Y
365BFS+DP（洛谷 P1144 最短路计数）.cpp,369,369BFS+DP（洛谷 P1144 最短路计数）.cpp,Y
366FD（洛谷 B3647 【模板】Floyd）.cpp,370,370FD（洛谷 B3647 【模板】Floyd）.cpp,Y
367FD（洛谷 P2910 [USACO08OPEN] Clear And Present Danger S）.cpp,371,371FD（洛谷 P2910 [USACO08OPEN] Clear And Present Danger S）.cpp,Y
368.cpp,372,372.cpp,Y
369.cpp,373,373.cpp,Y
370C.cpp,374,374C.cpp,Y
371D.cpp,375,375D.cpp,Y
372gcd（洛谷 B3736 [信息与未来 2018] 最大公约数）.cpp,376,376gcd（洛谷 B3736 [信息与未来 2018] 最大公约数）.cpp,Y
373gcd （洛谷 小红的 gcd）.cpp,377,377gcd （洛谷 小红的 gcd）.cpp,Y
374对数器打表找规律1.cpp,378,378对数器打表找规律1.cpp,Y
375对数器打表找规律2.cpp,379,379对数器打表找规律2.cpp,Y
376对数器打表找规律3.cpp,380,380对数器打表找规律3.cpp,Y
377牛客周赛143C.cpp,381,381牛客周赛143C.cpp,Y
378埃氏筛.cpp,382,382埃氏筛.cpp,Y
379欧拉筛.cpp,383,383欧拉筛.cpp,Y
380基础题.cpp,384,384基础题.cpp,Y
381 2026武汉ICPCB.cpp,385,385 2026武汉ICPCB.cpp,Y
382牛客练习赛C.cpp,386,386牛客练习赛C.cpp,Y
383 2026武汉ICPCC.cpp,387,387 2026武汉ICPCC.cpp,Y
384.小苯的刷怪笼.cpp,388,388.小苯的刷怪笼.cpp,Y
385 2026武汉ICPCB.cpp,389,389 2026武汉ICPCB.cpp,Y
386P3383 【模板】线性筛素数.cpp,390,390P3383 【模板】线性筛素数.cpp,Y
387.cpp,391,391.cpp,Y
388.cpp,392,392.cpp,Y
389.cpp,393,393.cpp,Y
390.cpp,394,394.cpp,Y
391南昌CCPCH暴力解法.cpp,395,395南昌CCPCH暴力解法.cpp,Y
392 2026 黑龙江CCPCH.cpp,396,396 2026 黑龙江CCPCH.cpp,Y
393 P1835 素数密度.cpp,397,397 P1835 素数密度.cpp,Y
394 UVA543 Goldbach's Conjecture.cpp,398,398 UVA543 Goldbach's Conjecture.cpp,Y
395埃氏筛优化计数问题.cpp,399,399埃氏筛优化计数问题.cpp,Y
396P10495 阶乘分解.cpp,400,400P10495 阶乘分解.cpp,Y
397P2043 质因子分解.cpp,401,401P2043 质因子分解.cpp,Y
398约数之和.cpp,402,402约数之和.cpp,Y
399约数个数的和.cpp,403,403约数个数的和.cpp,Y
400求单个数的欧拉函数.cpp,404,404求单个数的欧拉函数.cpp,Y
401欧拉函数筛.cpp,405,405欧拉函数筛.cpp,Y
402P2158 [SDOI2008] 仪仗队.cpp,406,406P2158 [SDOI2008] 仪仗队.cpp,Y
403P2568 GCD.cpp,407,407P2568 GCD.cpp,Y
404P11465 水上舞者索尼娅.cpp,408,408P11465 水上舞者索尼娅.cpp,Y
405序列求和.cpp,409,409序列求和.cpp,Y
406P5091 【模板】扩展欧拉定理.cpp,410,410P5091 【模板】扩展欧拉定理.cpp,Y
407P4139 上帝与集合的正确用法.cpp,411,411P4139 上帝与集合的正确用法.cpp,Y
408P4549 【模板】裴蜀定理].cpp,412,412P4549 【模板】裴蜀定理].cpp,Y
409扩展·欧几里得算法.cpp,413,413扩展·欧几里得算法.cpp,Y
410【模板】同余方程.cpp,414,414【模板】同余方程.cpp,Y
411递推法求逆元.cpp,415,415递推法求逆元.cpp,Y
412经典线段树板子.cpp,416,416经典线段树板子.cpp,Y
413P3374 【模板】树状数组 1.cpp,417,417P3374 【模板】树状数组 1.cpp,Y
414P3372 【模板】线段树 1.cpp,418,418P3372 【模板】线段树 1.cpp,Y
415广西·CPCJ山脊封锁.cpp,419,419广西·CPCJ山脊封锁.cpp,Y
416 P1516 青蛙的约会.cpp,420,420 P1516 青蛙的约会.cpp,Y
417P3811 【模板】模意义下的乘法逆元.cpp,421,421P3811 【模板】模意义下的乘法逆元.cpp,Y
418【模板】逆元（牛客）.cpp,422,422【模板】逆元（牛客）.cpp,Y
419快读快写函数.cpp,423,423快读快写函数.cpp,Y
420 2025蓝桥杯国赛A.cpp,424,424 2025蓝桥杯国赛A.cpp,Y
421博弈题的打表方法.cpp,425,425博弈题的打表方法.cpp,Y
423ABC461A.cpp,426,426ABC461A.cpp,Y
424ABC461B.cpp,427,427ABC461B.cpp,Y
425ABC461C.cpp,428,428ABC461C.cpp,Y
428 牛客暑假多校第一期G.cpp,429,429 牛客暑假多校第一期G.cpp,Y
431 统计字符串中最长连续1的个数.cpp,430,430 统计字符串中最长连续1的个数.cpp,Y
432牛客暑期多校第二期m.cpp,431,431牛客暑期多校第二期m.cpp,Y
433牛客暑假多校第三期B.cpp,432,432牛客暑假多校第三期B.cpp,Y
434牛客暑假多校第三期K.cpp,433,433牛客暑假多校第三期K.cpp,Y
435.cpp,434,434.cpp,Y
436.cpp,435,435.cpp,Y
437.cpp,436,436.cpp,Y
438.cpp,437,437.cpp,Y
439.cpp,438,438.cpp,Y
440.cpp,439,439.cpp,Y
441.cpp,440,440.cpp,Y
442.cpp,441,441.cpp,Y
443.cpp,442,442.cpp,Y
444.cpp,443,443.cpp,Y
445.cpp,444,444.cpp,Y
446.cpp,445,445.cpp,Y
447.cpp,446,446.cpp,Y
448.cpp,447,447.cpp,Y
449.cpp,448,448.cpp,Y
450.cpp,449,449.cpp,Y
451.cpp,450,450.cpp,Y
452.cpp,451,451.cpp,Y
453.cpp,452,452.cpp,Y
454.cpp,453,453.cpp,Y
455.cpp,454,454.cpp,Y
456.cpp,455,455.cpp,Y
457.cpp,456,456.cpp,Y
458.cpp,457,457.cpp,Y
459.cpp,458,458.cpp,Y
460.cpp,459,459.cpp,Y
461.cpp,460,460.cpp,Y
462.cpp,461,461.cpp,Y
463.cpp,462,462.cpp,Y
464.cpp,463,463.cpp,Y
465.cpp,464,464.cpp,Y
466.cpp,465,465.cpp,Y
467.cpp,466,466.cpp,Y
468.cpp,467,467.cpp,Y
469.cpp,468,468.cpp,Y
470.cpp,469,469.cpp,Y
471.cpp,470,470.cpp,Y
472.cpp,471,471.cpp,Y
473.cpp,472,472.cpp,Y
474.cpp,473,473.cpp,Y
475.cpp,474,474.cpp,Y
476.cpp,475,475.cpp,Y
477.cpp,476,476.cpp,Y
478.cpp,477,477.cpp,Y
479.cpp,478,478.cpp,Y
480.cpp,479,479.cpp,Y
481.cpp,480,480.cpp,Y
482.cpp,481,481.cpp,Y
483.cpp,482,482.cpp,Y
484.cpp,483,483.cpp,Y
485.cpp,484,484.cpp,Y
486.cpp,485,485.cpp,Y
487.cpp,486,486.cpp,Y
488.cpp,487,487.cpp,Y
489.cpp,488,488.cpp,Y
490.cpp,489,489.cpp,Y
491.cpp,490,490.cpp,Y
492.cpp,491,491.cpp,Y
493.cpp,492,492.cpp,Y
494.cpp,493,493.cpp,Y
495.cpp,494,494.cpp,Y
496.cpp,495,495.cpp,Y
497.cpp,496,496.cpp,Y
498.cpp,497,497.cpp,Y
499.cpp,498,498.cpp,Y
500.cpp,499,499.cpp,Y
501.cpp,500,500.cpp,Y
502.cpp,501,501.cpp,Y
503.cpp,502,502.cpp,Y
504.cpp,503,503.cpp,Y
505.cpp,504,504.cpp,Y
506.cpp,505,505.cpp,Y
507.cpp,506,506.cpp,Y
508.cpp,507,507.cpp,Y
509.cpp,508,508.cpp,Y
510.cpp,509,509.cpp,Y
511.cpp,510,510.cpp,Y
512.cpp,511,511.cpp,Y
513.cpp,512,512.cpp,Y
514.cpp,513,513.cpp,Y
515.cpp,514,514.cpp,Y
516.cpp,515,515.cpp,Y
517.cpp,516,516.cpp,Y
518.cpp,517,517.cpp,Y
519.cpp,518,518.cpp,Y
520.cpp,519,519.cpp,Y
521.cpp,520,520.cpp,Y
522.cpp,521,521.cpp,Y
523.cpp,522,522.cpp,Y
524.cpp,523,523.cpp,Y
525.cpp,524,524.cpp,Y
526.cpp,525,525.cpp,Y
527.cpp,526,526.cpp,Y
528.cpp,527,527.cpp,Y
529.cpp,528,528.cpp,Y
530.cpp,529,529.cpp,Y
531.cpp,530,530.cpp,Y
532.cpp,531,531.cpp,Y
533.cpp,532,532.cpp,Y
534.cpp,533,533.cpp,Y
535.cpp,534,534.cpp,Y
536.cpp,535,535.cpp,Y
537.cpp,536,536.cpp,Y
538.cpp,537,537.cpp,Y
539.cpp,538,538.cpp,Y
540.cpp,539,539.cpp,Y
541.cpp,540,540.cpp,Y
542.cpp,541,541.cpp,Y
543.cpp,542,542.cpp,Y
544.cpp,543,543.cpp,Y
545.cpp,544,544.cpp,Y
546.cpp,545,545.cpp,Y
547.cpp,546,546.cpp,Y
548.cpp,547,547.cpp,Y
549.cpp,548,548.cpp,Y
550.cpp,549,549.cpp,Y
551.cpp,550,550.cpp,Y
552.cpp,551,551.cpp,Y
553.cpp,552,552.cpp,Y
554.cpp,553,553.cpp,Y
555.cpp,554,554.cpp,Y
556.cpp,555,555.cpp,Y
557.cpp,556,556.cpp,Y
558.cpp,557,557.cpp,Y
559.cpp,558,558.cpp,Y
560.cpp,559,559.cpp,Y
561.cpp,560,560.cpp,Y
562.cpp,561,561.cpp,Y
563.cpp,562,562.cpp,Y
564.cpp,563,563.cpp,Y
565.cpp,564,564.cpp,Y
566.cpp,565,565.cpp,Y
567.cpp,566,566.cpp,Y
568.cpp,567,567.cpp,Y
569.cpp,568,568.cpp,Y
570.cpp,569,569.cpp,Y
571.cpp,570,570.cpp,Y
572.cpp,571,571.cpp,Y
573.cpp,572,572.cpp,Y
574.cpp,573,573.cpp,Y
575.cpp,574,574.cpp,Y
576.cpp,575,575.cpp,Y
577.cpp,576,576.cpp,Y
578.cpp,577,577.cpp,Y
579.cpp,578,578.cpp,Y
580.cpp,579,579.cpp,Y
581.cpp,580,580.cpp,Y
582.cpp,581,581.cpp,Y
583.cpp,582,582.cpp,Y
584.cpp,583,583.cpp,Y
585.cpp,584,584.cpp,Y
586.cpp,585,585.cpp,Y
587.cpp,586,586.cpp,Y
588.cpp,587,587.cpp,Y
589.cpp,588,588.cpp,Y
590.cpp,589,589.cpp,Y
591.cpp,590,590.cpp,Y
592.cpp,591,591.cpp,Y
593.cpp,592,592.cpp,Y
594.cpp,593,593.cpp,Y
595.cpp,594,594.cpp,Y
596.cpp,595,595.cpp,Y
597.cpp,596,596.cpp,Y
598.cpp,597,597.cpp,Y
599.cpp,598,598.cpp,Y
600.cpp,599,599.cpp,Y
601.cpp,600,600.cpp,Y
602.cpp,601,601.cpp,Y
603.cpp,602,602.cpp,Y
604.cpp,603,603.cpp,Y
605.cpp,604,604.cpp,Y
606.cpp,605,605.cpp,Y
607.cpp,606,606.cpp,Y
608.cpp,607,607.cpp,Y
609.cpp,608,608.cpp,Y
610.cpp,609,609.cpp,Y
611.cpp,610,610.cpp,Y
612.cpp,611,611.cpp,Y
613.cpp,612,612.cpp,Y
614.cpp,613,613.cpp,Y
615.cpp,614,614.cpp,Y
616.cpp,615,615.cpp,Y
617.cpp,616,616.cpp,Y
618.cpp,617,617.cpp,Y
619.cpp,618,618.cpp,Y
620.cpp,619,619.cpp,Y
621.cpp,620,620.cpp,Y
622.cpp,621,621.cpp,Y
623.cpp,622,622.cpp,Y
624.cpp,623,623.cpp,Y
625.cpp,624,624.cpp,Y
626.cpp,625,625.cpp,Y
627.cpp,626,626.cpp,Y
628.cpp,627,627.cpp,Y
629.cpp,628,628.cpp,Y
630.cpp,629,629.cpp,Y
631.cpp,630,630.cpp,Y
632.cpp,631,631.cpp,Y
633.cpp,632,632.cpp,Y
634.cpp,633,633.cpp,Y
635.cpp,634,634.cpp,Y
636.cpp,635,635.cpp,Y
637.cpp,636,636.cpp,Y
638.cpp,637,637.cpp,Y
639.cpp,638,638.cpp,Y
640.cpp,639,639.cpp,Y
641.cpp,640,640.cpp,Y
642.cpp,641,641.cpp,Y
643.cpp,642,642.cpp,Y
644.cpp,643,643.cpp,Y
645.cpp,644,644.cpp,Y
646.cpp,645,645.cpp,Y
647.cpp,646,646.cpp,Y
648.cpp,647,647.cpp,Y
649.cpp,648,648.cpp,Y
650.cpp,649,649.cpp,Y
651.cpp,650,650.cpp,Y
652.cpp,651,651.cpp,Y
653.cpp,652,652.cpp,Y
654.cpp,653,653.cpp,Y
655.cpp,654,654.cpp,Y
656.cpp,655,655.cpp,Y
657.cpp,656,656.cpp,Y
658.cpp,657,657.cpp,Y
659.cpp,658,658.cpp,Y
660.cpp,659,659.cpp,Y
661.cpp,660,660.cpp,Y
662.cpp,661,661.cpp,Y
663.cpp,662,662.cpp,Y
664.cpp,663,663.cpp,Y
665.cpp,664,664.cpp,Y
666.cpp,665,665.cpp,Y
667.cpp,666,666.cpp,Y
668.cpp,667,667.cpp,Y
669.cpp,668,668.cpp,Y
670.cpp,669,669.cpp,Y
671.cpp,670,670.cpp,Y
672.cpp,671,671.cpp,Y
673.cpp,672,672.cpp,Y
674.cpp,673,673.cpp,Y
675.cpp,674,674.cpp,Y
676.cpp,675,675.cpp,Y
677.cpp,676,676.cpp,Y
678.cpp,677,677.cpp,Y
679.cpp,678,678.cpp,Y
680.cpp,679,679.cpp,Y
681.cpp,680,680.cpp,Y
682.cpp,681,681.cpp,Y
683.cpp,682,682.cpp,Y
684.cpp,683,683.cpp,Y
685.cpp,684,684.cpp,Y
686.cpp,685,685.cpp,Y
687.cpp,686,686.cpp,Y
688.cpp,687,687.cpp,Y
689.cpp,688,688.cpp,Y
690.cpp,689,689.cpp,Y
691.cpp,690,690.cpp,Y
692.cpp,691,691.cpp,Y
693.cpp,692,692.cpp,Y
694.cpp,693,693.cpp,Y
695.cpp,694,694.cpp,Y
696.cpp,695,695.cpp,Y
697.cpp,696,696.cpp,Y
698.cpp,697,697.cpp,Y
699.cpp,698,698.cpp,Y
700.cpp,699,699.cpp,Y
701.cpp,700,700.cpp,Y
702.cpp,701,701.cpp,Y
703.cpp,702,702.cpp,Y
704.cpp,703,703.cpp,Y
705.cpp,704,704.cpp,Y
706.cpp,705,705.cpp,Y
707.cpp,706,706.cpp,Y
708.cpp,707,707.cpp,Y
709.cpp,708,708.cpp,Y
710.cpp,709,709.cpp,Y
711.cpp,710,710.cpp,Y
712.cpp,711,711.cpp,Y
713.cpp,712,712.cpp,Y
714.cpp,713,713.cpp,Y
715.cpp,714,714.cpp,Y
716.cpp,715,715.cpp,Y
717.cpp,716,716.cpp,Y
718.cpp,717,717.cpp,Y
719.cpp,718,718.cpp,Y
720.cpp,719,719.cpp,Y
721.cpp,720,720.cpp,Y
722.cpp,721,721.cpp,Y
723.cpp,722,722.cpp,Y
724.cpp,723,723.cpp,Y
725.cpp,724,724.cpp,Y
726.cpp,725,725.cpp,Y
727.cpp,726,726.cpp,Y
728.cpp,727,727.cpp,Y
729.cpp,728,728.cpp,Y
730.cpp,729,729.cpp,Y
731.cpp,730,730.cpp,Y
732.cpp,731,731.cpp,Y
733.cpp,732,732.cpp,Y
734.cpp,733,733.cpp,Y
735.cpp,734,734.cpp,Y
736.cpp,735,735.cpp,Y
737.cpp,736,736.cpp,Y
738.cpp,737,737.cpp,Y
739.cpp,738,738.cpp,Y
740.cpp,739,739.cpp,Y
741.cpp,740,740.cpp,Y
742.cpp,741,741.cpp,Y
743.cpp,742,742.cpp,Y
744.cpp,743,743.cpp,Y
745.cpp,744,744.cpp,Y
746.cpp,745,745.cpp,Y
747.cpp,746,746.cpp,Y
748.cpp,747,747.cpp,Y
749.cpp,748,748.cpp,Y
750.cpp,749,749.cpp,Y
751.cpp,750,750.cpp,Y
752.cpp,751,751.cpp,Y
753.cpp,752,752.cpp,Y
754.cpp,753,753.cpp,Y
755.cpp,754,754.cpp,Y
756.cpp,755,755.cpp,Y
757.cpp,756,756.cpp,Y
758.cpp,757,757.cpp,Y
759.cpp,758,758.cpp,Y
760.cpp,759,759.cpp,Y
761.cpp,760,760.cpp,Y
762.cpp,761,761.cpp,Y
763.cpp,762,762.cpp,Y
764.cpp,763,763.cpp,Y
765.cpp,764,764.cpp,Y
766.cpp,765,765.cpp,Y
767.cpp,766,766.cpp,Y
768.cpp,767,767.cpp,Y
769.cpp,768,768.cpp,Y
770.cpp,769,769.cpp,Y
771.cpp,770,770.cpp,Y
772.cpp,771,771.cpp,Y
773.cpp,772,772.cpp,Y
774.cpp,773,773.cpp,Y
775.cpp,774,774.cpp,Y
776.cpp,775,775.cpp,Y
777.cpp,776,776.cpp,Y
778.cpp,777,777.cpp,Y
779.cpp,778,778.cpp,Y
780.cpp,779,779.cpp,Y
781.cpp,780,780.cpp,Y
782.cpp,781,781.cpp,Y
783.cpp,782,782.cpp,Y
784.cpp,783,783.cpp,Y
785.cpp,784,784.cpp,Y
786.cpp,785,785.cpp,Y
787.cpp,786,786.cpp,Y
788.cpp,787,787.cpp,Y
789.cpp,788,788.cpp,Y
790.cpp,789,789.cpp,Y
791.cpp,790,790.cpp,Y
792.cpp,791,791.cpp,Y
793.cpp,792,792.cpp,Y
794.cpp,793,793.cpp,Y
795.cpp,794,794.cpp,Y
796.cpp,795,795.cpp,Y
797.cpp,796,796.cpp,Y
798.cpp,797,797.cpp,Y
799.cpp,798,798.cpp,Y
800.cpp,799,799.cpp,Y
A_Koshary.cpp,800,800 A_Koshary.cpp,Y
